{"nm":"Untitled file","ddd":0,"h":500,"w":500,"meta":{"g":"@lottiefiles/creator 1.12.0"},"layers":[{"ty":4,"nm":"Shape Layer - SVG","sr":1,"st":0,"op":150,"ip":0,"hd":false,"ddd":0,"bm":0,"hasMask":false,"ao":0,"ks":{"a":{"a":0,"k":[1488.300048828125,1488.300048828125]},"s":{"a":1,"k":[{"o":{"x":0.167,"y":0.167},"i":{"x":0.833,"y":0.833},"s":[0,0],"t":0},{"o":{"x":0.167,"y":0.167},"i":{"x":0.833,"y":0.833},"s":[12,12],"t":8},{"o":{"x":0.167,"y":0.167},"i":{"x":0.833,"y":0.833},"s":[10,10],"t":11},{"o":{"x":0.167,"y":0.167},"i":{"x":0.833,"y":0.833},"s":[10,10],"t":20},{"o":{"x":0.167,"y":0.167},"i":{"x":0.833,"y":0.833},"s":[12,12],"t":23},{"s":[0,0],"t":33}]},"sk":{"a":0,"k":0},"p":{"a":0,"k":[249.800048828125,249.800048828125]},"r":{"a":0,"k":0},"sa":{"a":0,"k":0},"o":{"a":0,"k":100}},"shapes":[{"ty":"gr","bm":0,"hd":false,"nm":"Group 1","it":[{"ty":"sh","bm":0,"hd":false,"nm":"Path 1","d":1,"ks":{"a":0,"k":{"c":false,"i":[[0,0],[0,0],[0,0]],"o":[[0,0],[0,0],[0,0]],"v":[[790,1633],[1140,1981],[2162,1005.5]]}}},{"ty":"st","bm":0,"hd":false,"nm":"Stroke","lc":2,"lj":1,"ml":4,"o":{"a":0,"k":100},"w":{"a":0,"k":200},"c":{"a":0,"k":[1,1,1]}},{"ty":"tr","a":{"a":0,"k":[0,0]},"s":{"a":0,"k":[100,100]},"sk":{"a":0,"k":0},"p":{"a":0,"k":[0,0]},"r":{"a":0,"k":0},"sa":{"a":0,"k":0},"o":{"a":0,"k":100}}]},{"ty":"gr","bm":0,"hd":false,"nm":"Group 2","it":[{"ty":"el","bm":0,"hd":false,"nm":"Ellipse 1","d":1,"p":{"a":0,"k":[1488.3,1488.3]},"s":{"a":0,"k":[2976.6,2976.6]}},{"ty":"fl","bm":0,"hd":false,"nm":"Fill","c":{"a":0,"k":[0.2275,0.7882,0.4078]},"r":1,"o":{"a":0,"k":100}},{"ty":"tr","a":{"a":0,"k":[0,0]},"s":{"a":0,"k":[100,100]},"sk":{"a":0,"k":0},"p":{"a":0,"k":[0,0]},"r":{"a":0,"k":0},"sa":{"a":0,"k":0},"o":{"a":0,"k":100}}]}],"ind":1}],"v":"5.7.0","fr":30,"op":60,"ip":0,"assets":[]}